{
  "general": {
    "userAgentRegexes": [],
    "replaceStrings": [],
    "nativeBridgeUrls": [],
    "languages": [],
    "userAgentAdd": "gonative",
    "enableWindowOpen": true,
    "forceScreenOrientation": null,
    "forceUserAgent": "",
    "publicKey": "zlrryz",
    "deviceRegKey": "w5prc1kdbp2ythtvxy278fbkj8",
    "appName": "HomeCarPlace",
    "initialUrl": "https://staging.carplace.io/?s=listing",
    "iosBundleId": "io.gonative.ios.zlrryz",
    "androidPackageName": "io.gonative.android.zlrryz",
    "iosUserAgentAdd": "gonative",
    "androidUserAgentAdd": "gonative",
    "androidForceUserAgent": "",
    "iosForceUserAgent": "",
    "iosCustomHeaders": {},
    "androidCustomHeaders": {},
    "version": 8
  },
  "navigation": {
    "tabNavigation": {
      "tabSelectionConfig": [
        {
          "id": "1",
          "regex": ".*"
        }
      ],
      "tabMenus": [
        {
          "items": [
            {
              "icon": "fas fa-home",
              "label": "Home",
              "url": "https://staging.carplace.io/?s=listing",
              "subLinks": []
            },
            {
              "label": "favorite",
              "icon": "fas fa-heart",
              "url": "https://staging.carplace.io?s=listing/news",
              "subLinks": []
            },
            {
              "label": "Directory",
              "icon": "fas fa-address-book",
              "url": "https://staging.carplace.io?s=listing/directory",
              "subLinks": []
            }
          ],
          "id": "1"
        }
      ],
      "active": true
    },
    "sidebarNavigation": {
      "menuSelectionConfig": {
        "redirectLocations": [
          {
            "regex": ".*",
            "menuName": "default",
            "loggedIn": true
          }
        ]
      },
      "menus": [
        {
          "active": true,
          "items": [],
          "name": "default"
        }
      ]
    },
    "regexInternalExternal": {
      "rules": [
        {
          "internal": false,
          "label": "Non-web links",
          "regex": "^(?!https?://).*"
        },
        {
          "internal": false,
          "label": "Facebook",
          "regex": "https?://([-\\w]+\\.)*facebook\\.com.*"
        },
        {
          "internal": false,
          "label": "Twitter",
          "regex": "https?://([-\\w]+\\.)*twitter\\.com/.*"
        },
        {
          "internal": false,
          "label": "Instagram",
          "regex": "https?://([-\\w]+\\.)*instagram\\.com/.*"
        },
        {
          "internal": false,
          "label": "Google Maps",
          "regex": "https?://maps\\.google\\.com.*"
        },
        {
          "internal": false,
          "label": "Google Maps Search",
          "regex": "https?://([-\\w]+\\.)*google\\.com/maps/search/.*"
        },
        {
          "internal": false,
          "label": "LinkedIn",
          "regex": "https?://([-\\w]+\\.)*linkedin\\.com/.*"
        },
        {
          "internal": true,
          "label": "All Other Links",
          "regex": ".*"
        }
      ],
      "active": true
    },
    "androidPullToRefresh": false,
    "iosPullToRefresh": true,
    "navigationTitles": {
      "titles": [
        {
          "id": "1",
          "regex": "https?:\\/\\/(w{3}\\.)?(\\/.*)?$",
          "custom": false,
          "customTitle": false,
          "showImage": true
        }
      ],
      "active": true
    },
    "ignorePageFinishedRegexes": [],
    "actionConfig": {
      "actions": [
        {
          "id": "1",
          "items": []
        }
      ],
      "actionSelection": [
        {
          "id": "1",
          "label": "Top Nav Bar Menu 1 - All Pages",
          "regex": "https?:\\/\\/(w{3}\\.)?(\\/.*)?$",
          "custom": false
        }
      ],
      "active": true
    },
    "androidShowRefreshButton": false,
    "iosShowRefreshButton": false,
    "deepLinkDomains": {
      "domains": [],
      "enableAndroidApplinks": false
    },
    "navigationLevels": {
      "levels": [
        {
          "label": "",
          "regex": "",
          "level": 2
        }
      ],
      "active": true
    },
    "toolbarNavigation": {
      "enabled": true,
      "visibilityByPages": "allPages",
      "visibilityByBackButton": "backButtonActive",
      "regexes": [
        {
          "enabled": true,
          "regex": ".*"
        }
      ],
      "items": [
        {
          "system": "back",
          "titleType": "defaultText",
          "visibility": "allPages",
          "urlRegex": [
            {
              "enabled": true,
              "regex": ".*"
            }
          ]
        },
        {
          "system": "refresh",
          "enabled": true,
          "visibility": "allPages",
          "urlRegex": [
            {
              "enabled": true,
              "regex": ".*"
            }
          ]
        },
        {
          "system": "forward",
          "enabled": true,
          "titleType": "defaultText",
          "visibility": "allPages",
          "urlRegex": [
            {
              "enabled": true,
              "regex": ".*"
            }
          ]
        }
      ]
    },
    "redirects": [],
    "iosShowOfflinePage": true,
    "iosConnectionOfflineTime": 10,
    "androidShowOfflinePage": true,
    "androidConnectionOfflineTime": 10,
    "maxWindows": {
      "enabled": false,
      "numWindows": 5,
      "autoClose": false
    },
    "iosOfflinePageHtml": "",
    "androidOfflinePageHtml": "",
    "offlinePageHtml": "",
    "swipeGestures": true,
    "iosSettings": {}
  },
  "styling": {
    "iosLaunchScreen": {
      "backgroundColor": "#FFFFFF",
      "backgroundColorDark": "#1E496E",
      "backgroundImage": "https://s3.amazonaws.com/gonativeio/images_generated/1686157886031_yuxw6eva8zfx4_FFFFFF_1_2x2.png",
      "backgroundImageDark": "https://s3.amazonaws.com/gonativeio/images_generated/1686157886052_jqcugtk7854hp_1E496E_1_2x2.png",
      "centerImage": "https://gonativeio.s3.amazonaws.com/uploads/buuguw8cw9yy2_1686157694804.png",
      "centerImageDark": "https://gonativeio.s3.amazonaws.com/uploads/buuguw8cw9yy2_1686157694804.png"
    },
    "transitionInteractiveDelayMax": 0.2,
    "menuAnimationDuration": 0.15,
    "androidShowSplash": true,
    "disableAnimations": false,
    "hideWebviewAlpha": 0.5,
    "iosDarkMode": "auto",
    "iosTitleColor": "#333333",
    "iosTitleColorDark": "#adc5dc",
    "iosTintColor": "#007aff",
    "iosTintColorDark": "#adc5dc",
    "iosSidebarTextColor": "#333333",
    "iosSidebarTextColorDark": "#adc5dc",
    "iosStatusBarBackgroundColor": "#ffffffff",
    "iosStatusBarBackgroundColorDark": "#000000",
    "iosEnableBlurInStatusBar": false,
    "iosSidebarBackgroundColor": "#f8f8f8",
    "iosSidebarBackgroundColorDark": "#333333",
    "iosNavigationBarTintColor": "#f8f8f8",
    "iosNavigationBarTintColorDark": "#333333",
    "iosTabBarTintColor": "#f8f8f8",
    "iosTabBarTintColorDark": "#333333",
    "icon": "https://gonativeio.s3.amazonaws.com/uploads/buuguw8cw9yy2_1686157694804.png",
    "iosHeaderImage": "https://gonativeio.s3.amazonaws.com/uploads/buuguw8cw9yy2_1686157694804.png",
    "showActionBar": true,
    "showNavigationBar": true,
    "iosSidebarFont": "Default",
    "androidHideTitleInActionBar": false,
    "navigationTitleImage": false,
    "iosTheme": "default",
    "androidTheme": "auto",
    "androidBackgroundColor": "#FFFFFF",
    "androidSidebarBackgroundColor": "#FFFFFF",
    "androidSidebarForegroundColor": "#1E496E",
    "androidActionBarBackgroundColor": "#FFFFFF",
    "androidActionBarForegroundColor": "#1E496E",
    "androidPullToRefreshColor": "#1E496E",
    "androidAccentColor": "#009688",
    "androidSidebarSeparatorColor": "#CCCCCC",
    "androidSidebarHighlightColor": "#1E496E",
    "androidTabBarBackgroundColor": "#FFFFFF",
    "androidTabBarTextColor": "#949494",
    "androidTabBarIndicatorColor": "#1E496E",
    "androidTabPressedBackgroundColor": "#CCCCCC",
    "androidStatusBarBackgroundColor": "#5C5C5C",
    "androidShowLogoInSideBar": true,
    "androidShowAppNameInSideBar": true,
    "androidSwipeNavigationBackgroundColor": "#FFFFFF",
    "androidSwipeNavigationActiveColor": "#000000",
    "androidSwipeNavigationInactiveColor": "#666666",
    "androidActionBarBackgroundColorDark": "#333333",
    "androidStatusBarBackgroundColorDark": "#333333",
    "androidActionBarForegroundColorDark": "#FFFFFF",
    "androidAccentColorDark": "#80cbc4",
    "androidBackgroundColorDark": "#333333",
    "androidSidebarForegroundColorDark": "#FFFFFF",
    "androidSidebarBackgroundColorDark": "#333333",
    "androidSidebarSeparatorColorDark": "#666666",
    "androidSidebarHighlightColorDark": "#FFFFFF",
    "androidPullToRefreshColorDark": "#FFFFFF",
    "androidTabBarTextColorDark": "#FFFFFF",
    "androidTabBarBackgroundColorDark": "#333333",
    "androidTabBarIndicatorColorDark": "#666666",
    "androidTabPressedBackgroundColorDark": "#999999",
    "androidSwipeNavigationBackgroundColorDark": "#333333",
    "androidSwipeNavigationActiveColorDark": "#FFFFFF",
    "androidSwipeNavigationInactiveColorDark": "#666666",
    "androidSplashBackgroundColor": "#FFFFFF",
    "androidSplashBackgroundColorDark": "#1E496E",
    "androidWebviewTextZoom": null,
    "iosIcon": "https://gonativeio.s3.amazonaws.com/uploads/buuguw8cw9yy2_1686157694804.png",
    "iosStatusBarStyle": "auto",
    "iosEnableOverlayInStatusBar": false,
    "androidStatusBarStyle": "auto",
    "androidEnableOverlayInStatusBar": false,
    "androidIcon": "https://gonativeio.s3.amazonaws.com/uploads/buuguw8cw9yy2_1686157694804.png",
    "navigationTitleImageLocation": "assets/defaults/logo1_white_padded.png",
    "navigationTitleImageLocationDark": "assets/defaults/logo1_white_padded.png",
    "androidHeaderImage": "assets/defaults/logo1_white_padded.png",
    "androidHeaderImageDark": "assets/defaults/logo1_white_padded.png",
    "iosHeaderImageDark": "https://gonativeio.s3.amazonaws.com/uploads/buuguw8cw9yy2_1686157694804.png",
    "androidLaunchImages": {
      "mdpi": "https://s3.amazonaws.com/gonativeio/images_generated/1686157886300_cnf6ut4uggh3r_180x180.9.png",
      "hdpi": "https://s3.amazonaws.com/gonativeio/images_generated/1686157886316_p3whw4r1z136y_270x270.9.png",
      "xhdpi": "https://s3.amazonaws.com/gonativeio/images_generated/1686157886336_z7emjkm9u0jrg_360x360.9.png",
      "xxhdpi": "https://s3.amazonaws.com/gonativeio/images_generated/1686157886356_xdnk2p2533zbj_540x540.9.png",
      "xxxhdpi": "https://s3.amazonaws.com/gonativeio/images_generated/1686157886420_58jaukmm83xh2_720x720.9.png"
    },
    "androidLaunchImagesDark": {
      "mdpi": "https://s3.amazonaws.com/gonativeio/images_generated/1686157886480_rptjduuj2nxj4_180x180.9.png",
      "hdpi": "https://s3.amazonaws.com/gonativeio/images_generated/1686157886503_f0anar6ek5ram_270x270.9.png",
      "xhdpi": "https://s3.amazonaws.com/gonativeio/images_generated/1686157886610_d4rj3deqwhxvu_360x360.9.png",
      "xxhdpi": "https://s3.amazonaws.com/gonativeio/images_generated/1686157886700_hab8k4z9w97t0_540x540.9.png",
      "xxxhdpi": "https://s3.amazonaws.com/gonativeio/images_generated/1686157886749_wdnjgf5qgv594_720x720.9.png"
    }
  },
  "permissions": {
    "usesGeolocation": false,
    "androidDownloadToPublicStorage": false,
    "enableWebRTC": false,
    "iosLocationUsageDescription": "",
    "iosCameraUsageDescription": "",
    "iOSATTUserTrackingDescription": "Your data will be used to personalize your experience and at times to deliver personalized ads",
    "iOSRequestATTConsentOnLoad": true,
    "iosBackgroundAudio": true
  },
  "developmentTools": {
    "enableWebConsoleLogs": false
  },
  "services": {
    "oneSignal": {
      "active": true,
      "plugin": "binary",
      "iosPluginName": "OneSignalPlugin"
    }
  }
}