{
  "colors": [
    {
      "color": {
        "color-space": "srgb",
        "components": {
          "red": "0.973",
          "alpha": "1.000",
          "blue": "0.973",
          "green": "0.973"
        }
      },
      "idiom": "universal"
    },
    {
      "appearances": [
        {
          "appearance": "luminosity",
          "value": "dark"
        }
      ],
      "color": {
        "color-space": "srgb",
        "components": {
          "red": "0.200",
          "alpha": "1.000",
          "blue": "0.200",
          "green": "0.200"
        }
      },
      "idiom": "universal"
    }
  ],
  "info": {
    "author": "xcode",
    "version": 1
  }
}