{
  "general": {
    "userAgentRegexes": [],
    "replaceStrings": [],
    "nativeBridgeUrls": [],
    "languages": [],
    "userAgentAdd": "gonative",
    "enableWindowOpen": true,
    "forceScreenOrientation": null,
    "forceUserAgent": "",
    "publicKey": "ejbenk",
    "deviceRegKey": "crmvahtafxvgy12z4mbubmauz4",
    "appName": "Home - CarPlace",
    "initialUrl": "https://staging.carplace.io",
    "iosBundleId": "io.gonative.ios.ejbenk",
    "androidPackageName": "io.gonative.android.ejbenk",
    "keepScreenOn": true,
    "iosFullScreenWebview": true,
    "iosUserAgentAdd": "gonative",
    "androidUserAgentAdd": "gonative",
    "androidForceUserAgent": "",
    "iosForceUserAgent": "",
    "iosCustomHeaders": {},
    "androidCustomHeaders": {},
    "version": 4
  },
  "navigation": {
    "tabNavigation": {
      "tabSelectionConfig": [],
      "tabMenus": [],
      "active": false
    },
    "sidebarNavigation": {
      "menuSelectionConfig": {
        "redirectLocations": [
          {
            "regex": ".*",
            "menuName": "default",
            "loggedIn": true
          }
        ]
      },
      "menus": [
        {
          "active": false,
          "items": [
            {
              "url": "https://staging.carplace.io/#user_login_modal",
              "label": "Sign in",
              "subLinks": []
            }
          ],
          "name": "default"
        }
      ]
    },
    "regexInternalExternal": {
      "rules": [
        {
          "internal": true,
          "label": "https://github.com/Hassoun00",
          "regex": "^(?!https?://).*"
        },
        {
          "internal": true,
          "label": "Facebook",
          "regex": "https?://([-\\w]+\\.)*facebook\\.com.*"
        },
        {
          "internal": true,
          "label": "Twitter",
          "regex": "https?://([-\\w]+\\.)*twitter\\.com/.*"
        },
        {
          "internal": true,
          "label": "Instagram",
          "regex": "https?://([-\\w]+\\.)*instagram\\.com/.*"
        },
        {
          "internal": true,
          "label": "Google Maps",
          "regex": "https?://maps\\.google\\.com.*"
        },
        {
          "internal": true,
          "label": "Google Maps Search",
          "regex": "https?://([-\\w]+\\.)*google\\.com/maps/search/.*"
        },
        {
          "internal": true,
          "label": "LinkedIn",
          "regex": "https?://([-\\w]+\\.)*linkedin\\.com/.*"
        },
        {
          "internal": true,
          "label": "All Other Links",
          "regex": ".*"
        }
      ],
      "active": true
    },
    "androidPullToRefresh": false,
    "iosPullToRefresh": true,
    "navigationTitles": {
      "titles": [],
      "active": true
    },
    "ignorePageFinishedRegexes": [],
    "actionConfig": {
      "actions": [],
      "actionSelection": [],
      "active": true
    },
    "androidShowRefreshButton": false,
    "iosShowRefreshButton": false,
    "deepLinkDomains": {
      "domains": [],
      "enableAndroidApplinks": false
    },
    "navigationLevels": {
      "levels": [
        {
          "label": "",
          "regex": "",
          "level": 1
        }
      ],
      "active": true
    },
    "toolbarNavigation": {
      "enabled": true,
      "visibilityByPages": "allPages",
      "visibilityByBackButton": "backButtonActive",
      "regexes": [
        {
          "enabled": true,
          "regex": ".*"
        }
      ],
      "items": [
        {
          "system": "back",
          "titleType": "defaultText",
          "visibility": "allPages",
          "urlRegex": [
            {
              "enabled": true,
              "regex": ".*"
            }
          ]
        },
        {
          "system": "refresh",
          "enabled": false,
          "visibility": "allPages",
          "urlRegex": [
            {
              "enabled": true,
              "regex": ".*"
            }
          ]
        },
        {
          "system": "forward",
          "enabled": false,
          "titleType": "defaultText",
          "visibility": "allPages",
          "urlRegex": [
            {
              "enabled": true,
              "regex": ".*"
            }
          ]
        }
      ],
      "v2": true
    },
    "redirects": [],
    "iosShowOfflinePage": true,
    "iosConnectionOfflineTime": 10,
    "androidShowOfflinePage": true,
    "androidConnectionOfflineTime": 10,
    "maxWindows": {
      "enabled": false,
      "numWindows": 5,
      "autoClose": false
    },
    "iosOfflinePageHtml": "",
    "androidOfflinePageHtml": "",
    "offlinePageHtml": "",
    "iosSettings": {}
  },
  "styling": {
    "iosLaunchScreen": {
      "backgroundColor": "#FFFFFF",
      "backgroundColorDark": "#000000",
      "backgroundImage": "https://s3.amazonaws.com/gonativeio/images_generated/1686079935115_ypta86zx11vf0_FFFFFF_1_2x2.png",
      "backgroundImageDark": "https://s3.amazonaws.com/gonativeio/images_generated/1686079935159_f8hrwwu3f22w4_000000_1_2x2.png",
      "centerImageDark": "https://s3.amazonaws.com/gonativeio/images_generated/53quvu6318qvy_1686079928003.png",
      "centerImage": "https://s3.amazonaws.com/gonativeio/images_generated/53quvu6318qvy_1686079928003.png"
    },
    "androidLaunchImages": {
      "mdpi": "https://s3.amazonaws.com/gonativeio/images_generated/1686079935397_hx20df6767ku4_180x180.9.png",
      "hdpi": "https://s3.amazonaws.com/gonativeio/images_generated/1686079935427_qzuu1083h6q6p_270x270.9.png",
      "xhdpi": "https://s3.amazonaws.com/gonativeio/images_generated/1686079935455_puakerjphca84_360x360.9.png",
      "xxhdpi": "https://s3.amazonaws.com/gonativeio/images_generated/1686079935509_rdqpkc3rx31y2_540x540.9.png",
      "xxxhdpi": "https://s3.amazonaws.com/gonativeio/images_generated/1686079935563_pmyt9hmwvqxuw_720x720.9.png"
    },
    "androidLaunchImagesDark": {
      "mdpi": "https://s3.amazonaws.com/gonativeio/images_generated/1686079935654_dmjckzrr9x274_180x180.9.png",
      "hdpi": "https://s3.amazonaws.com/gonativeio/images_generated/1686079935707_p7n1qut520n2y_270x270.9.png",
      "xhdpi": "https://s3.amazonaws.com/gonativeio/images_generated/1686079935775_yzt3pu1kzppy8_360x360.9.png",
      "xxhdpi": "https://s3.amazonaws.com/gonativeio/images_generated/1686079935839_fh9d8kh7ykykp_540x540.9.png",
      "xxxhdpi": "https://s3.amazonaws.com/gonativeio/images_generated/1686079935903_9ckc5xm2hc1ne_720x720.9.png"
    },
    "transitionInteractiveDelayMax": 0.2,
    "menuAnimationDuration": 0.15,
    "androidShowSplash": true,
    "disableAnimations": false,
    "hideWebviewAlpha": 0.5,
    "iosDarkMode": "auto",
    "iosTitleColor": "#333333",
    "iosTitleColorDark": "#adc5dc",
    "iosTintColor": "#007aff",
    "iosTintColorDark": "#adc5dc",
    "iosSidebarTextColor": "#333333",
    "iosSidebarTextColorDark": "#adc5dc",
    "iosStatusBarBackgroundColor": "#ffffffff",
    "iosStatusBarBackgroundColorDark": "#000000",
    "iosEnableBlurInStatusBar": false,
    "iosSidebarBackgroundColor": "#f8f8f8",
    "iosSidebarBackgroundColorDark": "#333333",
    "iosNavigationBarTintColor": "#f8f8f8",
    "iosNavigationBarTintColorDark": "#333333",
    "iosTabBarTintColor": "#f8f8f8",
    "iosTabBarTintColorDark": "#333333",
    "icon": "https://s3.amazonaws.com/gonativeio/images_generated/53quvu6318qvy_1686079928003.png",
    "iosHeaderImage": "https://s3.amazonaws.com/gonativeio/images_generated/53quvu6318qvy_1686079928003.png",
    "showActionBar": false,
    "showNavigationBar": true,
    "iosSidebarFont": "Default",
    "androidHideTitleInActionBar": false,
    "navigationTitleImage": true,
    "iosTheme": "default",
    "androidTheme": "auto",
    "androidBackgroundColor": "#FFFFFF",
    "androidSidebarBackgroundColor": "#FFFFFF",
    "androidSidebarForegroundColor": "#1E496E",
    "androidActionBarBackgroundColor": "#FFFFFF",
    "androidActionBarForegroundColor": "#1E496E",
    "androidPullToRefreshColor": "#1E496E",
    "androidAccentColor": "#009688",
    "androidSidebarSeparatorColor": "#CCCCCC",
    "androidSidebarHighlightColor": "#1E496E",
    "androidTabBarBackgroundColor": "#FFFFFF",
    "androidTabBarTextColor": "#949494",
    "androidTabBarIndicatorColor": "#1E496E",
    "androidTabPressedBackgroundColor": "#CCCCCC",
    "androidStatusBarBackgroundColor": "#5C5C5C",
    "androidShowLogoInSideBar": true,
    "androidShowAppNameInSideBar": true,
    "androidSwipeNavigationBackgroundColor": "#FFFFFF",
    "androidSwipeNavigationActiveColor": "#000000",
    "androidSwipeNavigationInactiveColor": "#666666",
    "androidActionBarBackgroundColorDark": "#333333",
    "androidStatusBarBackgroundColorDark": "#333333",
    "androidActionBarForegroundColorDark": "#FFFFFF",
    "androidAccentColorDark": "#80cbc4",
    "androidBackgroundColorDark": "#333333",
    "androidSidebarForegroundColorDark": "#FFFFFF",
    "androidSidebarBackgroundColorDark": "#333333",
    "androidSidebarSeparatorColorDark": "#666666",
    "androidSidebarHighlightColorDark": "#FFFFFF",
    "androidPullToRefreshColorDark": "#FFFFFF",
    "androidTabBarTextColorDark": "#FFFFFF",
    "androidTabBarBackgroundColorDark": "#333333",
    "androidTabBarIndicatorColorDark": "#666666",
    "androidTabPressedBackgroundColorDark": "#999999",
    "androidSwipeNavigationBackgroundColorDark": "#333333",
    "androidSwipeNavigationActiveColorDark": "#FFFFFF",
    "androidSwipeNavigationInactiveColorDark": "#666666",
    "androidSplashBackgroundColor": "#FFFFFF",
    "androidSplashBackgroundColorDark": "#000000",
    "androidWebviewTextZoom": null,
    "androidIcon": "https://s3.amazonaws.com/gonativeio/images_generated/53quvu6318qvy_1686079928003.png",
    "iosIcon": "https://s3.amazonaws.com/gonativeio/images_generated/53quvu6318qvy_1686079928003.png",
    "iosStatusBarStyle": "auto",
    "iosEnableOverlayInStatusBar": false,
    "androidStatusBarStyle": "auto",
    "androidEnableOverlayInStatusBar": false,
    "navigationTitleImageLocation": "https://s3.amazonaws.com/gonativeio/images_generated/53quvu6318qvy_1686079928003.png",
    "navigationTitleImageLocationDark": "https://s3.amazonaws.com/gonativeio/images_generated/53quvu6318qvy_1686079928003.png",
    "androidHeaderImage": "assets/defaults/logo1_white_padded.png",
    "androidHeaderImageDark": "assets/defaults/logo1_white_padded.png",
    "iosHeaderImageDark": "https://s3.amazonaws.com/gonativeio/images_generated/53quvu6318qvy_1686079928003.png"
  },
  "permissions": {
    "usesGeolocation": false,
    "androidDownloadToPublicStorage": false,
    "enableWebRTC": false,
    "iosBackgroundAudio": true,
    "iosLocationUsageDescription": "",
    "iosCameraUsageDescription": "",
    "iOSATTUserTrackingDescription": "Your data will be used to personalize your experience and at times to deliver personalized ads",
    "iOSRequestATTConsentOnLoad": true
  },
  "developmentTools": {
    "enableWebConsoleLogs": false
  },
  "services": {
    "oneSignal": {
      "active": false
    }
  }
}